{"cameraMode":{"drawMode":0,"name":"Shaded","section":"Shading Mode"},"sceneLighting":true,"audioPlay":false,"sceneViewState":{"m_AlwaysRefresh":false,"showFog":true,"showSkybox":true,"showFlares":true,"showImageEffects":true,"showParticleSystems":true,"showVisualEffectGraphs":true,"m_FxEnabled":true},"in2DMode":false,"pivot":{"x":0.3344796299934387,"y":-2.4538803100585939,"z":-12.052088737487793},"rotation":{"x":-0.05905082821846008,"y":0.9383136034011841,"z":-0.20176947116851808,"w":-0.2745950222015381},"size":0.36581507325172427,"orthographic":false}