{"cameraMode":{"drawMode":0,"name":"Shaded","section":"Shading Mode"},"sceneLighting":true,"audioPlay":false,"sceneViewState":{"m_AlwaysRefresh":false,"showFog":true,"showSkybox":true,"showFlares":true,"showImageEffects":true,"showParticleSystems":true,"showVisualEffectGraphs":true,"m_FxEnabled":true},"in2DMode":false,"pivot":{"x":-17.69904136657715,"y":-17.577219009399415,"z":-20.678180694580079},"rotation":{"x":0.17787641286849976,"y":-0.7851433753967285,"z":0.26271748542785647,"w":0.5320839881896973},"size":12.709650039672852,"orthographic":false}