{"cameraMode":{"drawMode":0,"name":"Shaded","section":"Shading Mode"},"sceneLighting":true,"audioPlay":false,"sceneViewState":{"m_AlwaysRefresh":false,"showFog":true,"showSkybox":true,"showFlares":true,"showImageEffects":true,"showParticleSystems":true,"showVisualEffectGraphs":true,"m_FxEnabled":true},"in2DMode":false,"pivot":{"x":-0.5599282383918762,"y":-2.4812350273132326,"z":-11.788594245910645},"rotation":{"x":0.02648678980767727,"y":-0.5529219508171082,"z":0.017605893313884736,"w":0.832649290561676},"size":1.6038315296173096,"orthographic":false}