{"cameraMode":{"drawMode":0,"name":"Shaded","section":"Shading Mode"},"sceneLighting":false,"audioPlay":false,"sceneViewState":{"m_AlwaysRefresh":false,"showFog":false,"showSkybox":false,"showFlares":false,"showImageEffects":false,"showParticleSystems":false,"showVisualEffectGraphs":true,"m_FxEnabled":true},"in2DMode":false,"pivot":{"x":-0.012137942016124726,"y":0.7954646348953247,"z":1.3747254610061646},"rotation":{"x":0.0016742493025958539,"y":-0.9982205033302307,"z":0.04976187273859978,"w":0.03355773910880089},"size":0.8660253882408142,"orthographic":false}