{"cameraMode":{"drawMode":0,"name":"Shaded","section":"Shading Mode"},"sceneLighting":false,"audioPlay":false,"sceneViewState":{"m_AlwaysRefresh":false,"showFog":false,"showSkybox":false,"showFlares":false,"showImageEffects":false,"showParticleSystems":false,"showVisualEffectGraphs":true,"m_FxEnabled":true},"in2DMode":false,"pivot":{"x":-0.8754079937934876,"y":0.6573123931884766,"z":0.18085193634033204},"rotation":{"x":-0.0007403964409604669,"y":-0.995451033115387,"z":0.007774852216243744,"w":-0.09524805843830109},"size":0.9195017218589783,"orthographic":false}